-- phpMyAdmin SQL Dump
-- version 5.2.0
-- https://www.phpmyadmin.net/
--
-- Host: 127.0.0.1
-- Waktu pembuatan: 13 Mar 2023 pada 01.34
-- Versi server: 10.4.27-MariaDB
-- Versi PHP: 8.0.25

SET SQL_MODE = "NO_AUTO_VALUE_ON_ZERO";
START TRANSACTION;
SET time_zone = "+00:00";


/*!40101 SET @OLD_CHARACTER_SET_CLIENT=@@CHARACTER_SET_CLIENT */;
/*!40101 SET @OLD_CHARACTER_SET_RESULTS=@@CHARACTER_SET_RESULTS */;
/*!40101 SET @OLD_COLLATION_CONNECTION=@@COLLATION_CONNECTION */;
/*!40101 SET NAMES utf8mb4 */;

--
-- Database: `ujikom`
--

-- --------------------------------------------------------

--
-- Struktur dari tabel `masyarakat`
--

CREATE TABLE `masyarakat` (
  `nik` int(16) NOT NULL,
  `nama` varchar(35) NOT NULL,
  `username` varchar(30) NOT NULL,
  `password` varchar(30) NOT NULL,
  `telp` int(12) NOT NULL
) ENGINE=InnoDB DEFAULT CHARSET=utf8mb4 COLLATE=utf8mb4_general_ci;

--
-- Dumping data untuk tabel `masyarakat`
--

INSERT INTO `masyarakat` (`nik`, `nama`, `username`, `password`, `telp`) VALUES
(999, 'Husen', 'maddd', '050505', 0),
(2222, 'aderama', 'aderama', '55555', 1233545),
(23245, 'husen', 'husen123', '12345', 8955555);

-- --------------------------------------------------------

--
-- Struktur dari tabel `pengaduan`
--

CREATE TABLE `pengaduan` (
  `id_pengaduan` int(11) NOT NULL,
  `tgl_pengaduan` date NOT NULL,
  `nik` char(16) NOT NULL,
  `isi_laporan` text NOT NULL,
  `foto` varchar(255) NOT NULL,
  `status` enum('0','proses','selesai') NOT NULL
) ENGINE=InnoDB DEFAULT CHARSET=utf8mb4 COLLATE=utf8mb4_general_ci;

--
-- Dumping data untuk tabel `pengaduan`
--

INSERT INTO `pengaduan` (`id_pengaduan`, `tgl_pengaduan`, `nik`, `isi_laporan`, `foto`, `status`) VALUES
(1, '2023-02-20', '999', 'contoh', '', 'selesai'),
(2, '2023-02-20', '999', 'saya melaporkan bahwa logo persib adalah yang terbaik dan paling banyak diminati', 'df65de8d-94f2-40cb-a943-c4376b89a18e_169.jpeg', 'selesai'),
(3, '2023-02-27', '23245', 'contoh', 'images (9).jpeg', 'selesai'),
(4, '2023-02-27', '23456', 'jalan rusak', 'images (9).jpeg', '0'),
(5, '2023-02-27', '4455', 'kp saya terkena banjir', '', '0'),
(6, '2023-03-10', '999', 'sekarang jumaat', '', '0'),
(7, '2023-03-10', '999', 'conto', 'IMG-20230201-WA0024.jpg', '0'),
(8, '2023-03-11', '999', 'tolong saya\r\n', '', '0'),
(9, '2023-03-11', '999', 'saya akan kembali tungguan yahhhhh', 'IMG_20230119_200249.jpg', '0');

-- --------------------------------------------------------

--
-- Struktur dari tabel `petugas`
--

CREATE TABLE `petugas` (
  `id_petugas` int(11) NOT NULL,
  `nama_petugas` varchar(35) NOT NULL,
  `username` varchar(25) NOT NULL,
  `password` varchar(32) NOT NULL,
  `telp` varchar(13) NOT NULL,
  `level` enum('admin','petugas') NOT NULL
) ENGINE=InnoDB DEFAULT CHARSET=utf8mb4 COLLATE=utf8mb4_general_ci;

--
-- Dumping data untuk tabel `petugas`
--

INSERT INTO `petugas` (`id_petugas`, `nama_petugas`, `username`, `password`, `telp`, `level`) VALUES
(1, 'admin', 'admin', 'admin', '0123', 'admin'),
(2, 'petugas', 'petugas', 'petugas', '0123', 'petugas'),
(4, 'perasisbnascjbkdvajbkd', 'dadang', '12345', '222222', 'admin');

-- --------------------------------------------------------

--
-- Struktur dari tabel `tanggapan`
--

CREATE TABLE `tanggapan` (
  `id_tanggapan` int(11) NOT NULL,
  `id_pengaduan` int(11) NOT NULL,
  `tgl_tanggapan` date NOT NULL,
  `tanggapan` text NOT NULL,
  `id_petugas` int(11) NOT NULL
) ENGINE=InnoDB DEFAULT CHARSET=utf8mb4 COLLATE=utf8mb4_general_ci;

--
-- Dumping data untuk tabel `tanggapan`
--

INSERT INTO `tanggapan` (`id_tanggapan`, `id_pengaduan`, `tgl_tanggapan`, `tanggapan`, `id_petugas`) VALUES
(1, 0, '2023-03-10', 'baik akan segera diproses', 7),
(2, 0, '2023-03-11', 'hhhhh', 1),
(3, 0, '2023-03-11', 'iyah', 1),
(4, 1, '2023-03-11', 'dghdfhfhd', 1),
(5, 2, '2023-03-11', 'iayah baik', 1),
(6, 3, '2023-03-11', 'g', 1);

--
-- Indexes for dumped tables
--

--
-- Indeks untuk tabel `masyarakat`
--
ALTER TABLE `masyarakat`
  ADD PRIMARY KEY (`nik`);

--
-- Indeks untuk tabel `pengaduan`
--
ALTER TABLE `pengaduan`
  ADD PRIMARY KEY (`id_pengaduan`);

--
-- Indeks untuk tabel `petugas`
--
ALTER TABLE `petugas`
  ADD PRIMARY KEY (`id_petugas`);

--
-- Indeks untuk tabel `tanggapan`
--
ALTER TABLE `tanggapan`
  ADD PRIMARY KEY (`id_tanggapan`);

--
-- AUTO_INCREMENT untuk tabel yang dibuang
--

--
-- AUTO_INCREMENT untuk tabel `masyarakat`
--
ALTER TABLE `masyarakat`
  MODIFY `nik` int(16) NOT NULL AUTO_INCREMENT, AUTO_INCREMENT=23457;

--
-- AUTO_INCREMENT untuk tabel `pengaduan`
--
ALTER TABLE `pengaduan`
  MODIFY `id_pengaduan` int(11) NOT NULL AUTO_INCREMENT, AUTO_INCREMENT=10;

--
-- AUTO_INCREMENT untuk tabel `petugas`
--
ALTER TABLE `petugas`
  MODIFY `id_petugas` int(11) NOT NULL AUTO_INCREMENT, AUTO_INCREMENT=5;

--
-- AUTO_INCREMENT untuk tabel `tanggapan`
--
ALTER TABLE `tanggapan`
  MODIFY `id_tanggapan` int(11) NOT NULL AUTO_INCREMENT, AUTO_INCREMENT=7;
COMMIT;

/*!40101 SET CHARACTER_SET_CLIENT=@OLD_CHARACTER_SET_CLIENT */;
/*!40101 SET CHARACTER_SET_RESULTS=@OLD_CHARACTER_SET_RESULTS */;
/*!40101 SET COLLATION_CONNECTION=@OLD_COLLATION_CONNECTION */;
